Country,Region,Residence,Ethnicity,SocDem,Version,Ref-ID,Year1,Year2,TypeLT,Sex,e(x),e(x)Orig
MYS,0,0,0,0,1,1488.01,2001,2001,4,1,70.58,70.65
MYS,0,0,0,0,1,1488.01,2001,2001,4,2,75.07,75.14
MYS,0,0,0,0,1,1488.02,2002,2002,4,1,70.62,70.69
MYS,0,0,0,0,1,1488.02,2002,2002,4,2,75.11,75.22
MYS,0,0,0,0,1,1488.03,2003,2003,4,1,70.73,70.83
MYS,0,0,0,0,1,1488.03,2003,2003,4,2,75.32,75.48
MYS,0,0,0,0,1,1488.04,2004,2004,4,1,71,71.12
MYS,0,0,0,0,1,1488.04,2004,2004,4,2,75.61,75.82
MYS,0,0,0,0,1,1488.05,2005,2005,4,1,71.26,71.4
MYS,0,0,0,0,1,1488.05,2005,2005,4,2,75.81,76.03
MYS,0,0,0,0,1,1488.06,2006,2006,4,1,71.42,71.57
MYS,0,0,0,0,1,1488.06,2006,2006,4,2,75.89,76.11
MYS,0,0,0,0,1,1488.07,2007,2007,4,1,71.45,71.65
MYS,0,0,0,0,1,1488.07,2007,2007,4,2,75.94,76.15
MYS,0,0,0,0,1,1525.01,2008,2008,4,1,71.46,71.57
MYS,0,0,0,0,1,1525.01,2008,2008,4,2,76.19,76.4
MYS,0,0,0,0,1,1525.06,2009,2009,4,1,71.51,71.63
MYS,0,0,0,0,1,1525.06,2009,2009,4,2,76.28,76.51
MYS,0,0,0,0,1,1525.11,2010,2010,4,1,71.75,71.89
MYS,0,0,0,0,1,1525.11,2010,2010,4,2,76.64,76.95
MYS,0,0,0,0,1,1489.01,2011,2011,4,1,71.92,72.12
MYS,0,0,0,0,1,1489.01,2011,2011,4,2,76.45,76.77
MYS,0,0,0,0,1,1489.02,2012,2012,4,1,72.3,72.29
MYS,0,0,0,0,1,1489.02,2012,2012,4,2,76.61,76.95
MYS,0,0,0,0,1,1489.03,2013,2013,4,1,72.47,72.47
MYS,0,0,0,0,1,1489.03,2013,2013,4,2,76.72,77.11
MYS,0,0,0,0,1,1489.04,2014,2014,4,1,72.51,72.54
MYS,0,0,0,0,1,1489.04,2014,2014,4,2,76.78,77.21
MYS,0,0,0,0,1,1490.01,2015,2015,4,1,72.49,72.49
MYS,0,0,0,0,1,1490.01,2015,2015,4,2,76.68,77.08
MYS,0,0,0,0,1,1490.02,2016,2016,4,1,72.54,72.55
MYS,0,0,0,0,1,1490.02,2016,2016,4,2,76.79,77.23
MYS,0,0,0,0,1,1490.03,2017,2017,4,1,72.64,72.66
MYS,0,0,0,0,1,1490.03,2017,2017,4,2,76.89,77.36
MYS,0,0,0,0,1,1491.01,2018,2018,4,1,71.94,72.17
MYS,0,0,0,0,1,1491.01,2018,2018,4,2,76.69,77.12
MYS,0,0,0,0,1,1491.02,2019,2019,4,1,71.93,72.16
MYS,0,0,0,0,1,1491.02,2019,2019,4,2,76.78,77.25
MYS,0,0,0,0,1,1492.01,2020,2020,4,1,72.59,72.61
MYS,0,0,0,0,1,1492.01,2020,2020,4,2,77.04,77.57
MYS,10,0,0,0,1,1493.03,2001,2001,4,1,70.36,70.44
MYS,10,0,0,0,1,1493.03,2001,2001,4,2,75,75.1
MYS,10,0,0,0,1,1493.2,2002,2002,4,1,70.46,70.57
MYS,10,0,0,0,1,1493.2,2002,2002,4,2,75,75.12
MYS,10,0,0,0,1,1493.37,2003,2003,4,1,70.63,70.74
MYS,10,0,0,0,1,1493.37,2003,2003,4,2,75.23,75.4
MYS,10,0,0,0,1,1493.54,2004,2004,4,1,70.86,71.01
MYS,10,0,0,0,1,1493.54,2004,2004,4,2,75.47,75.68
MYS,10,0,0,0,1,1494.02,2005,2005,4,1,70.99,71.15
MYS,10,0,0,0,1,1494.02,2005,2005,4,2,75.64,75.88
MYS,10,0,0,0,1,1494.19,2006,2006,4,1,70.99,71.14
MYS,10,0,0,0,1,1494.19,2006,2006,4,2,75.66,75.89
MYS,10,0,0,0,1,1494.36,2007,2007,4,1,70.93,71.07
MYS,10,0,0,0,1,1494.36,2007,2007,4,2,75.68,75.91
MYS,0,0,0,0,1,1525.16,2008,2008,4,1,70.94,71.03
MYS,0,0,0,0,1,1525.16,2008,2008,4,2,76.04,76.26
MYS,10,0,0,0,1,1525.3,2009,2009,4,1,70.97,71.08
MYS,10,0,0,0,1,1525.3,2009,2009,4,2,76.22,76.49
MYS,10,0,0,0,1,1525.44,2010,2010,4,1,71.28,71.42
MYS,10,0,0,0,1,1525.44,2010,2010,4,2,76.64,77.01
MYS,10,0,0,0,1,1497.02,2011,2011,4,1,71.73,71.96
MYS,10,0,0,0,1,1497.02,2011,2011,4,2,76.29,76.63
MYS,10,0,0,0,1,1497.2,2012,2012,4,1,72,72.26
MYS,10,0,0,0,1,1497.2,2012,2012,4,2,76.46,76.83
MYS,10,0,0,0,1,1497.38,2013,2013,4,1,72.07,72.38
MYS,10,0,0,0,1,1497.38,2013,2013,4,2,76.61,77.03
MYS,10,0,0,0,1,1498.02,2014,2014,4,1,71.84,72.08
MYS,10,0,0,0,1,1498.02,2014,2014,4,2,76.53,76.95
MYS,10,0,0,0,1,1495.02,2015,2015,4,1,71.89,72.15
MYS,10,0,0,0,1,1495.02,2015,2015,4,2,76.54,76.98
MYS,10,0,0,0,1,1496.01,2016,2016,4,1,71.69,71.93
MYS,10,0,0,0,1,1496.01,2016,2016,4,2,76.44,76.88
MYS,10,0,0,0,1,1946.15,2017,2017,4,1,71.74,71.98
MYS,10,0,0,0,1,1946.15,2017,2017,4,2,76.54,76.99
MYS,10,0,0,0,1,1496.29,2018,2018,4,1,72.03,72.31
MYS,10,0,0,0,1,1496.29,2018,2018,4,2,76.89,77.41
MYS,10,0,0,0,1,1491.03,2019,2019,4,1,71.52,71.75
MYS,10,0,0,0,1,1491.03,2019,2019,4,2,76.76,77.28
MYS,10,0,0,0,1,1492.02,2020,2020,4,1,71.86,72.15
MYS,10,0,0,0,1,1492.02,2020,2020,4,2,76.62,77.14
MYS,20,0,0,0,1,1493.04,2001,2001,4,1,69.2,69.2
MYS,20,0,0,0,1,1493.04,2001,2001,4,2,74.33,74.35
MYS,20,0,0,0,1,1493.21,2002,2002,4,1,69.04,69.05
MYS,20,0,0,0,1,1493.21,2002,2002,4,2,74.19,74.21
MYS,20,0,0,0,1,1493.38,2003,2003,4,1,69.14,69.15
MYS,20,0,0,0,1,1493.38,2003,2003,4,2,74.42,74.48
MYS,20,0,0,0,1,1493.55,2004,2004,4,1,69.47,69.51
MYS,20,0,0,0,1,1493.55,2004,2004,4,2,74.7,74.82
MYS,20,0,0,0,1,1494.03,2005,2005,4,1,69.74,69.77
MYS,20,0,0,0,1,1494.03,2005,2005,4,2,75.01,75.17
MYS,20,0,0,0,1,1494.2,2006,2006,4,1,69.78,69.81
MYS,20,0,0,0,1,1494.2,2006,2006,4,2,74.94,75.08
MYS,20,0,0,0,1,1494.37,2007,2007,4,1,69.79,69.81
MYS,20,0,0,0,1,1494.37,2007,2007,4,2,75.05,75.18
MYS,20,0,0,0,1,1525.17,2008,2008,4,1,69.47,69.44
MYS,20,0,0,0,1,1525.17,2008,2008,4,2,75.03,75.09
MYS,20,0,0,0,1,1525.31,2009,2009,4,1,69.5,69.48
MYS,20,0,0,0,1,1525.31,2009,2009,4,2,75.26,75.35
MYS,20,0,0,0,1,1525.45,2010,2010,4,1,69.73,69.73
MYS,20,0,0,0,1,1525.45,2010,2010,4,2,75.38,75.51
MYS,20,0,0,0,1,1497.03,2011,2011,4,1,70.13,70.19
MYS,20,0,0,0,1,1497.03,2011,2011,4,2,75.75,75.98
MYS,20,0,0,0,1,1497.21,2012,2012,4,1,70.18,70.24
MYS,20,0,0,0,1,1497.21,2012,2012,4,2,76,76.3
MYS,20,0,0,0,1,1497.39,2013,2013,4,1,70.17,70.25
MYS,20,0,0,0,1,1497.39,2013,2013,4,2,76.03,76.38
MYS,20,0,0,0,1,1498.03,2014,2014,4,1,70.28,70.36
MYS,20,0,0,0,1,1498.03,2014,2014,4,2,75.82,76.1
MYS,20,0,0,0,1,1495.03,2015,2015,4,1,70.31,70.39
MYS,20,0,0,0,1,1495.03,2015,2015,4,2,75.85,76.15
MYS,20,0,0,0,1,1496.02,2016,2016,4,1,70.15,70.23
MYS,20,0,0,0,1,1496.02,2016,2016,4,2,75.64,75.95
MYS,20,0,0,0,1,1946.16,2017,2017,4,1,70.35,70.44
MYS,20,0,0,0,1,1946.16,2017,2017,4,2,75.75,76.08
MYS,20,0,0,0,1,1496.3,2018,2018,4,1,70.45,70.55
MYS,20,0,0,0,1,1496.3,2018,2018,4,2,76,76.38
MYS,20,0,0,0,1,1491.04,2019,2019,4,1,70.11,70.21
MYS,20,0,0,0,1,1491.04,2019,2019,4,2,75.58,75.92
MYS,20,0,0,0,1,1492.03,2020,2020,4,1,70.57,70.72
MYS,20,0,0,0,1,1492.03,2020,2020,4,2,76.5,76.96
MYS,30,0,0,0,1,1493.05,2001,2001,4,1,67.46,67.44
MYS,30,0,0,0,1,1493.05,2001,2001,4,2,73.21,73.12
MYS,30,0,0,0,1,1493.22,2002,2002,4,1,67.23,67.21
MYS,30,0,0,0,1,1493.22,2002,2002,4,2,73.24,73.18
MYS,30,0,0,0,1,1493.39,2003,2003,4,1,67.17,67.15
MYS,30,0,0,0,1,1493.39,2003,2003,4,2,73.6,73.6
MYS,30,0,0,0,1,1493.56,2004,2004,4,1,67.22,67.23
MYS,30,0,0,0,1,1493.56,2004,2004,4,2,73.79,73.82
MYS,30,0,0,0,1,1494.04,2005,2005,4,1,67.61,67.63
MYS,30,0,0,0,1,1494.04,2005,2005,4,2,74.03,74.1
MYS,30,0,0,0,1,1494.21,2006,2006,4,1,67.68,67.7
MYS,30,0,0,0,1,1494.21,2006,2006,4,2,74,74.04
MYS,30,0,0,0,1,1494.38,2007,2007,4,1,67.68,67.66
MYS,30,0,0,0,1,1494.38,2007,2007,4,2,74.06,74.06
MYS,30,0,0,0,1,1525.18,2008,2008,4,1,67.37,67.31
MYS,30,0,0,0,1,1525.18,2008,2008,4,2,73.69,73.62
MYS,30,0,0,0,1,1525.32,2009,2009,4,1,67.44,67.38
MYS,30,0,0,0,1,1525.32,2009,2009,4,2,73.71,73.65
MYS,30,0,0,0,1,1525.46,2010,2010,4,1,67.71,67.67
MYS,30,0,0,0,1,1525.46,2010,2010,4,2,73.79,73.76
MYS,30,0,0,0,1,1497.04,2011,2011,4,1,68.62,68.63
MYS,30,0,0,0,1,1497.04,2011,2011,4,2,74.7,74.82
MYS,30,0,0,0,1,1497.22,2012,2012,4,1,68.86,68.88
MYS,30,0,0,0,1,1497.22,2012,2012,4,2,74.91,75.05
MYS,30,0,0,0,1,1497.4,2013,2013,4,1,68.87,68.9
MYS,30,0,0,0,1,1497.4,2013,2013,4,2,74.93,75.09
MYS,30,0,0,0,1,1498.04,2014,2014,4,1,69,69.01
MYS,30,0,0,0,1,1498.04,2014,2014,4,2,74.93,75.07
MYS,30,0,0,0,1,1495.04,2015,2015,4,1,69.05,69.06
MYS,30,0,0,0,1,1495.04,2015,2015,4,2,74.95,75.11
MYS,30,0,0,0,1,1496.03,2016,2016,4,1,69.04,69.05
MYS,30,0,0,0,1,1496.03,2016,2016,4,2,74.93,75.09
MYS,30,0,0,0,1,1946.17,2017,2017,4,1,69.28,69.3
MYS,30,0,0,0,1,1946.17,2017,2017,4,2,75.14,75.35
MYS,30,0,0,0,1,1496.31,2018,2018,4,1,69.57,69.6
MYS,30,0,0,0,1,1496.31,2018,2018,4,2,75.57,75.84
MYS,0,0,30,0,1,1491.05,2019,2019,4,1,69.61,69.67
MYS,0,0,30,0,1,1491.05,2019,2019,4,2,75.47,75.77
MYS,30,0,0,0,1,1492.04,2020,2020,4,1,69.57,69.6
MYS,30,0,0,0,1,1492.04,2020,2020,4,2,75.91,76.23
MYS,40,0,0,0,1,1493.06,2001,2001,4,1,69.37,69.38
MYS,40,0,0,0,1,1493.06,2001,2001,4,2,73.92,73.87
MYS,40,0,0,0,1,1493.23,2002,2002,4,1,69.32,69.34
MYS,40,0,0,0,1,1493.23,2002,2002,4,2,74.11,74.12
MYS,40,0,0,0,1,1493.4,2003,2003,4,1,69.46,69.5
MYS,40,0,0,0,1,1493.4,2003,2003,4,2,74.2,74.24
MYS,40,0,0,0,1,1493.57,2004,2004,4,1,69.63,69.68
MYS,40,0,0,0,1,1493.57,2004,2004,4,2,74.66,74.77
MYS,40,0,0,0,1,1494.05,2005,2005,4,1,70,70.06
MYS,40,0,0,0,1,1494.05,2005,2005,4,2,74.95,75.07
MYS,40,0,0,0,1,1494.22,2006,2006,4,1,70.44,70.52
MYS,40,0,0,0,1,1494.22,2006,2006,4,2,75.34,75.48
MYS,40,0,0,0,1,1494.39,2007,2007,4,1,70.62,70.72
MYS,40,0,0,0,1,1494.39,2007,2007,4,2,75.46,75.6
MYS,40,0,0,0,1,1525.19,2008,2008,4,1,69.76,69.75
MYS,40,0,0,0,1,1525.19,2008,2008,4,2,75.47,75.6
MYS,40,0,0,0,1,1525.33,2009,2009,4,1,69.77,69.78
MYS,40,0,0,0,1,1525.33,2009,2009,4,2,75.51,75.66
MYS,40,0,0,0,1,1525.47,2010,2010,4,1,69.9,69.93
MYS,40,0,0,0,1,1525.47,2010,2010,4,2,75.8,75.94
MYS,40,0,0,0,1,1497.05,2011,2011,4,1,71.28,71.45
MYS,40,0,0,0,1,1497.05,2011,2011,4,2,76.44,76.73
MYS,40,0,0,0,1,1497.23,2012,2012,4,1,71.5,71.7
MYS,40,0,0,0,1,1497.23,2012,2012,4,2,76.84,77.23
MYS,40,0,0,0,1,1497.41,2013,2013,4,1,71.49,71.74
MYS,40,0,0,0,1,1497.41,2013,2013,4,2,77.11,77.57
MYS,40,0,0,0,1,1498.05,2014,2014,4,1,71.79,72.03
MYS,40,0,0,0,1,1498.05,2014,2014,4,2,76.83,77.27
MYS,40,0,0,0,1,1495.05,2015,2015,4,1,71.84,72.09
MYS,40,0,0,0,1,1495.05,2015,2015,4,2,76.94,77.38
MYS,40,0,0,0,1,1496.04,2016,2016,4,1,71.68,71.92
MYS,40,0,0,0,1,1496.04,2016,2016,4,2,76.8,77.25
MYS,40,0,0,0,1,1946.18,2017,2017,4,1,71.71,71.99
MYS,40,0,0,0,1,1946.18,2017,2017,4,2,76.97,77.48
MYS,40,0,0,0,1,1496.32,2018,2018,4,1,72.25,72.58
MYS,40,0,0,0,1,1496.32,2018,2018,4,2,77.52,78.16
MYS,40,0,0,0,1,1491.06,2019,2019,4,1,71.5,71.79
MYS,40,0,0,0,1,1491.06,2019,2019,4,2,77.31,77.91
MYS,40,0,0,0,1,1492.05,2020,2020,4,1,72.03,72.37
MYS,40,0,0,0,1,1492.05,2020,2020,4,2,77.35,78.02
MYS,50,0,0,0,1,1493.07,2001,2001,4,1,69.08,69.09
MYS,50,0,0,0,1,1493.07,2001,2001,4,2,74.64,74.7
MYS,50,0,0,0,1,1493.24,2002,2002,4,1,69.1,69.14
MYS,50,0,0,0,1,1493.24,2002,2002,4,2,74.64,74.71
MYS,50,0,0,0,1,1493.41,2003,2003,4,1,69.15,69.19
MYS,50,0,0,0,1,1493.41,2003,2003,4,2,74.83,74.97
MYS,50,0,0,0,1,1493.58,2004,2004,4,1,69.29,69.34
MYS,50,0,0,0,1,1493.58,2004,2004,4,2,75.1,75.3
MYS,50,0,0,0,1,1494.06,2005,2005,4,1,69.5,69.56
MYS,50,0,0,0,1,1494.06,2005,2005,4,2,75.31,75.51
MYS,50,0,0,0,1,1494.23,2006,2006,4,1,69.76,69.83
MYS,50,0,0,0,1,1494.23,2006,2006,4,2,75.53,75.75
MYS,50,0,0,0,1,1494.4,2007,2007,4,1,69.75,69.83
MYS,50,0,0,0,1,1494.4,2007,2007,4,2,75.43,75.63
MYS,50,0,0,0,1,1525.2,2008,2008,4,1,69.52,69.54
MYS,50,0,0,0,1,1525.2,2008,2008,4,2,75.59,75.79
MYS,50,0,0,0,1,1525.34,2009,2009,4,1,69.56,69.58
MYS,50,0,0,0,1,1525.34,2009,2009,4,2,75.61,75.82
MYS,50,0,0,0,1,1525.48,2010,2010,4,1,69.78,69.82
MYS,50,0,0,0,1,1525.48,2010,2010,4,2,76.12,76.42
MYS,50,0,0,0,1,1497.06,2011,2011,4,1,70.58,70.74
MYS,50,0,0,0,1,1497.06,2011,2011,4,2,75.92,76.18
MYS,50,0,0,0,1,1497.24,2012,2012,4,1,70.79,70.97
MYS,50,0,0,0,1,1497.24,2012,2012,4,2,76.06,76.34
MYS,50,0,0,0,1,1497.42,2013,2013,4,1,70.78,70.99
MYS,50,0,0,0,1,1497.42,2013,2013,4,2,76.05,76.36
MYS,50,0,0,0,1,1498.06,2014,2014,4,1,70.84,70.99
MYS,50,0,0,0,1,1498.06,2014,2014,4,2,76.11,76.43
MYS,50,0,0,0,1,1495.06,2015,2015,4,1,70.86,71.05
MYS,50,0,0,0,1,1495.06,2015,2015,4,2,76.23,76.59
MYS,50,0,0,0,1,1496.05,2016,2016,4,1,70.4,70.55
MYS,50,0,0,0,1,1496.05,2016,2016,4,2,76.35,76.73
MYS,50,0,0,0,1,1946.19,2017,2017,4,1,70.95,71.14
MYS,50,0,0,0,1,1946.19,2017,2017,4,2,76.5,76.95
MYS,50,0,0,0,1,1496.33,2018,2018,4,1,72.79,72.86
MYS,50,0,0,0,1,1496.33,2018,2018,4,2,76.77,77.28
MYS,50,0,0,0,1,1491.07,2019,2019,4,1,70.58,70.73
MYS,50,0,0,0,1,1491.07,2019,2019,4,2,76.31,76.77
MYS,50,0,0,0,1,1492.05,2020,2020,4,1,71.15,71.35
MYS,50,0,0,0,1,1492.05,2020,2020,4,2,76.64,77.22
MYS,60,0,0,0,1,1493.08,2001,2001,4,1,69.48,69.55
MYS,60,0,0,0,1,1493.08,2001,2001,4,2,74.19,74.25
MYS,60,0,0,0,1,1493.25,2002,2002,4,1,69.36,69.42
MYS,60,0,0,0,1,1493.25,2002,2002,4,2,74.32,74.41
MYS,60,0,0,0,1,1493.42,2003,2003,4,1,69.39,69.46
MYS,60,0,0,0,1,1493.42,2003,2003,4,2,74.48,74.6
MYS,60,0,0,0,1,1493.59,2004,2004,4,1,69.73,69.83
MYS,60,0,0,0,1,1493.59,2004,2004,4,2,74.87,75.03
MYS,60,0,0,0,1,1494.07,2005,2005,4,1,69.87,69.98
MYS,60,0,0,0,1,1494.07,2005,2005,4,2,75.1,75.29
MYS,60,0,0,0,1,1494.24,2006,2006,4,1,70.09,70.23
MYS,60,0,0,0,1,1494.24,2006,2006,4,2,75.25,75.46
MYS,60,0,0,0,1,1494.41,2007,2007,4,1,70.09,70.22
MYS,60,0,0,0,1,1494.41,2007,2007,4,2,75.32,75.53
MYS,60,0,0,0,1,1525.21,2008,2008,4,1,70.32,70.42
MYS,60,0,0,0,1,1525.21,2008,2008,4,2,75.32,75.48
MYS,60,0,0,0,1,1525.35,2009,2009,4,1,70.35,70.45
MYS,60,0,0,0,1,1525.35,2009,2009,4,2,75.33,75.5
MYS,60,0,0,0,1,1525.49,2010,2010,4,1,70.36,70.49
MYS,60,0,0,0,1,1525.49,2010,2010,4,2,75.33,75.52
MYS,60,0,0,0,1,1497.07,2011,2011,4,1,70.07,70.21
MYS,60,0,0,0,1,1497.07,2011,2011,4,2,75.43,75.66
MYS,60,0,0,0,1,1497.25,2012,2012,4,1,70.24,70.41
MYS,60,0,0,0,1,1497.25,2012,2012,4,2,75.66,75.95
MYS,60,0,0,0,1,1497.43,2013,2013,4,1,70.27,70.45
MYS,60,0,0,0,1,1497.43,2013,2013,4,2,75.63,75.96
MYS,60,0,0,0,1,1498.07,2014,2014,4,1,70.43,70.57
MYS,60,0,0,0,1,1498.07,2014,2014,4,2,75.9,76.23
MYS,60,0,0,0,1,1495.07,2015,2015,4,1,70.59,70.73
MYS,60,0,0,0,1,1495.07,2015,2015,4,2,75.94,76.3
MYS,60,0,0,0,1,1946.06,2016,2016,4,1,70.74,70.89
MYS,60,0,0,0,1,1946.06,2016,2016,4,2,75.85,76.19
MYS,60,0,0,0,1,1946.2,2017,2017,4,1,70.72,70.88
MYS,60,0,0,0,1,1946.2,2017,2017,4,2,75.99,76.37
MYS,60,0,0,0,1,1496.34,2018,2018,4,1,70.77,70.97
MYS,60,0,0,0,1,1496.34,2018,2018,4,2,76.38,76.82
MYS,60,0,0,0,1,1491.08,2019,2019,4,1,70.8,70.95
MYS,60,0,0,0,1,1491.08,2019,2019,4,2,76.03,76.43
MYS,60,0,0,0,1,1492.06,2020,2020,4,1,71.78,72.03
MYS,60,0,0,0,1,1492.06,2020,2020,4,2,76.06,76.51
MYS,70,0,0,0,1,1493.09,2001,2001,4,1,68.47,68.45
MYS,70,0,0,0,1,1493.09,2001,2001,4,2,74.5,74.52
MYS,70,0,0,0,1,1493.26,2002,2002,4,1,68.62,68.63
MYS,70,0,0,0,1,1493.26,2002,2002,4,2,74.49,74.54
MYS,70,0,0,0,1,1493.43,2003,2003,4,1,68.72,68.73
MYS,70,0,0,0,1,1493.43,2003,2003,4,2,74.73,74.83
MYS,70,0,0,0,1,1493.6,2004,2004,4,1,69.24,69.28
MYS,70,0,0,0,1,1493.6,2004,2004,4,2,75.08,75.24
MYS,70,0,0,0,1,1494.08,2005,2005,4,1,69.71,69.77
MYS,70,0,0,0,1,1494.08,2005,2005,4,2,75.39,75.56
MYS,70,0,0,0,1,1494.25,2006,2006,4,1,70.02,70.1
MYS,70,0,0,0,1,1494.25,2006,2006,4,2,75.55,75.74
MYS,70,0,0,0,1,1494.42,2007,2007,4,1,70.13,70.21
MYS,70,0,0,0,1,1494.42,2007,2007,4,2,75.67,75.88
MYS,70,0,0,0,1,1525.22,2008,2008,4,1,69.75,69.78
MYS,70,0,0,0,1,1525.22,2008,2008,4,2,75.64,75.81
MYS,70,0,0,0,1,1525.36,2009,2009,4,1,69.76,69.8
MYS,70,0,0,0,1,1525.36,2009,2009,4,2,75.89,76.12
MYS,70,0,0,0,1,1525.5,2010,2010,4,1,70.18,70.26
MYS,70,0,0,0,1,1525.5,2010,2010,4,2,76.23,76.53
MYS,70,0,0,0,1,1497.08,2011,2011,4,1,70.79,70.96
MYS,70,0,0,0,1,1497.08,2011,2011,4,2,76.33,76.7
MYS,70,0,0,0,1,1497.26,2012,2012,4,1,71.05,71.24
MYS,70,0,0,0,1,1497.26,2012,2012,4,2,76.51,76.9
MYS,70,0,0,0,1,1497.44,2013,2013,4,1,71.31,71.56
MYS,70,0,0,0,1,1497.44,2013,2013,4,2,76.67,77.12
MYS,70,0,0,0,1,1498.08,2014,2014,4,1,71,71.22
MYS,70,0,0,0,1,1498.08,2014,2014,4,2,76.58,77.05
MYS,70,0,0,0,1,1495.08,2015,2015,4,1,71.02,71.26
MYS,70,0,0,0,1,1495.08,2015,2015,4,2,76.61,77.11
MYS,70,0,0,0,1,1946.07,2016,2016,4,1,70.85,71.07
MYS,70,0,0,0,1,1946.07,2016,2016,4,2,76.78,77.33
MYS,70,0,0,0,1,1946.21,2017,2017,4,1,70.76,70.98
MYS,70,0,0,0,1,1946.21,2017,2017,4,2,76.75,77.32
MYS,70,0,0,0,1,1496.35,2018,2018,4,1,70.85,71.08
MYS,70,0,0,0,1,1496.35,2018,2018,4,2,76.83,77.41
MYS,70,0,0,0,1,1491.09,2019,2019,4,1,70.83,71.05
MYS,70,0,0,0,1,1491.09,2019,2019,4,2,76.69,77.2
MYS,70,0,0,0,1,1492.08,2020,2020,4,1,71,71.25
MYS,70,0,0,0,1,1492.08,2020,2020,4,2,76.86,77.44
MYS,80,0,0,0,1,1493.1,2001,2001,4,1,69.15,69.19
MYS,80,0,0,0,1,1493.1,2001,2001,4,2,74.06,74.11
MYS,80,0,0,0,1,1493.27,2002,2002,4,1,69.1,69.14
MYS,80,0,0,0,1,1493.27,2002,2002,4,2,74.21,74.28
MYS,80,0,0,0,1,1493.44,2003,2003,4,1,69.38,69.45
MYS,80,0,0,0,1,1493.44,2003,2003,4,2,74.14,74.2
MYS,80,0,0,0,1,1493.61,2004,2004,4,1,69.31,69.36
MYS,80,0,0,0,1,1493.61,2004,2004,4,2,74.82,74.98
MYS,80,0,0,0,1,1494.09,2005,2005,4,1,69.64,69.68
MYS,80,0,0,0,1,1494.09,2005,2005,4,2,74.98,75.16
MYS,80,0,0,0,1,1494.26,2006,2006,4,1,69.62,69.65
MYS,80,0,0,0,1,1494.26,2006,2006,4,2,74.95,75.13
MYS,80,0,0,0,1,1494.43,2007,2007,4,1,69.36,69.37
MYS,80,0,0,0,1,1494.43,2007,2007,4,2,74.96,75.13
MYS,80,0,0,0,1,1525.23,2008,2008,4,1,69.14,69.12
MYS,80,0,0,0,1,1525.23,2008,2008,4,2,75.05,75.14
MYS,80,0,0,0,1,1525.37,2009,2009,4,1,69.15,69.14
MYS,80,0,0,0,1,1525.37,2009,2009,4,2,75.48,75.64
MYS,80,0,0,0,1,1525.51,2010,2010,4,1,69.15,69.17
MYS,80,0,0,0,1,1525.51,2010,2010,4,2,75.46,75.67
MYS,80,0,0,0,1,1497.09,2011,2011,4,1,69.96,70.04
MYS,80,0,0,0,1,1497.09,2011,2011,4,2,75.36,75.61
MYS,80,0,0,0,1,1497.27,2012,2012,4,1,70.21,70.33
MYS,80,0,0,0,1,1497.27,2012,2012,4,2,75.34,75.63
MYS,80,0,0,0,1,1497.45,2013,2013,4,1,70.15,70.36
MYS,80,0,0,0,1,1497.45,2013,2013,4,2,75.35,75.66
MYS,80,0,0,0,1,1498.09,2014,2014,4,1,70.21,70.32
MYS,80,0,0,0,1,1498.09,2014,2014,4,2,75.58,75.84
MYS,80,0,0,0,1,1495.09,2015,2015,4,1,70.24,70.35
MYS,80,0,0,0,1,1495.09,2015,2015,4,2,75.63,75.88
MYS,80,0,0,0,1,1946.08,2016,2016,4,1,69.93,70.03
MYS,80,0,0,0,1,1946.08,2016,2016,4,2,74.77,74.97
MYS,80,0,0,0,1,1946.22,2017,2017,4,1,69.87,69.98
MYS,80,0,0,0,1,1946.22,2017,2017,4,2,74.76,74.97
MYS,80,0,0,0,1,1496.36,2018,2018,4,1,70.66,70.84
MYS,80,0,0,0,1,1496.36,2018,2018,4,2,75.06,75.38
MYS,80,0,0,0,1,1491.1,2019,2019,4,1,69.52,69.59
MYS,80,0,0,0,1,1491.1,2019,2019,4,2,74.52,74.74
MYS,80,0,0,0,1,1492.09,2020,2020,4,1,69.1,69.16
MYS,80,0,0,0,1,1492.09,2020,2020,4,2,75.38,75.68
MYS,90,0,0,0,1,1493.11,2001,2001,4,1,70.22,70.23
MYS,90,0,0,0,1,1493.11,2001,2001,4,2,75.32,75.43
MYS,90,0,0,0,1,1493.28,2002,2002,4,1,70.36,70.38
MYS,90,0,0,0,1,1493.28,2002,2002,4,2,75.49,75.61
MYS,90,0,0,0,1,1493.45,2003,2003,4,1,70.4,70.44
MYS,90,0,0,0,1,1493.45,2003,2003,4,2,75.59,75.75
MYS,90,0,0,0,1,1493.62,2004,2004,4,1,70.7,70.77
MYS,90,0,0,0,1,1493.62,2004,2004,4,2,75.94,76.15
MYS,90,0,0,0,1,1494.1,2005,2005,4,1,71.11,71.21
MYS,90,0,0,0,1,1494.1,2005,2005,4,2,76.02,76.24
MYS,90,0,0,0,1,1494.27,2006,2006,4,1,71.36,71.46
MYS,90,0,0,0,1,1494.27,2006,2006,4,2,76.12,76.34
MYS,90,0,0,0,1,1494.44,2007,2007,4,1,71.56,71.68
MYS,90,0,0,0,1,1494.44,2007,2007,4,2,76.25,76.48
MYS,90,0,0,0,1,1525.24,2008,2008,4,1,71.1,71.13
MYS,90,0,0,0,1,1525.24,2008,2008,4,2,76.38,76.59
MYS,90,0,0,0,1,1525.38,2009,2009,4,1,71.15,71.18
MYS,90,0,0,0,1,1525.38,2009,2009,4,2,76.58,76.83
MYS,90,0,0,0,1,1525.52,2010,2010,4,1,71.2,71.24
MYS,90,0,0,0,1,1525.52,2010,2010,4,2,76.74,77.05
MYS,90,0,0,0,1,1497.1,2011,2011,4,1,72.22,72.17
MYS,90,0,0,0,1,1497.1,2011,2011,4,2,76.84,77.19
MYS,90,0,0,0,1,1497.28,2012,2012,4,1,72.3,72.27
MYS,90,0,0,0,1,1497.28,2012,2012,4,2,77.1,77.49
MYS,90,0,0,0,1,1497.46,2013,2013,4,1,72.32,72.3
MYS,90,0,0,0,1,1497.46,2013,2013,4,2,77.1,77.51
MYS,90,0,0,0,1,1498.1,2014,2014,4,1,72.32,72.31
MYS,90,0,0,0,1,1498.1,2014,2014,4,2,77.06,77.51
MYS,90,0,0,0,1,1495.1,2015,2015,4,1,72.38,72.37
MYS,90,0,0,0,1,1495.1,2015,2015,4,2,77.13,77.58
MYS,90,0,0,0,1,1946.09,2016,2016,4,1,72.04,72.27
MYS,90,0,0,0,1,1946.09,2016,2016,4,2,77.21,77.72
MYS,90,0,0,0,1,1946.23,2017,2017,4,1,72.33,72.33
MYS,90,0,0,0,1,1946.23,2017,2017,4,2,77.49,78.07
MYS,90,0,0,0,1,1496.37,2018,2018,4,1,72.61,72.64
MYS,90,0,0,0,1,1496.37,2018,2018,4,2,77.98,78.65
MYS,90,0,0,0,1,1491.11,2019,2019,4,1,72.51,72.5
MYS,90,0,0,0,1,1491.11,2019,2019,4,2,77.26,77.81
MYS,90,0,0,0,1,1492.1,2020,2020,4,1,73.12,73.19
MYS,90,0,0,0,1,1492.1,2020,2020,4,2,78.19,78.91
MYS,100,0,0,0,1,1525.25,2008,2008,4,1,76,76.22
MYS,100,0,0,0,1,1525.25,2008,2008,4,2,78.39,78.98
MYS,100,0,0,0,1,1525.39,2009,2009,4,1,76.12,76.38
MYS,100,0,0,0,1,1525.39,2009,2009,4,2,79.2,79.19
MYS,100,0,0,0,1,1525.53,2010,2010,4,1,76.46,76.8
MYS,100,0,0,0,1,1525.53,2010,2010,4,2,79.4,79.43
MYS,100,0,0,0,1,1497.11,2011,2011,4,1,75.1,75.21
MYS,100,0,0,0,1,1497.11,2011,2011,4,2,77.88,78.35
MYS,100,0,0,0,1,1497.29,2012,2012,4,1,75.11,75.21
MYS,100,0,0,0,1,1497.29,2012,2012,4,2,77.91,78.38
MYS,100,0,0,0,1,1497.47,2013,2013,4,1,75.16,75.23
MYS,100,0,0,0,1,1497.47,2013,2013,4,2,77.94,78.43
MYS,100,0,0,0,1,1498.11,2014,2014,4,1,72.27,72.16
MYS,100,0,0,0,1,1498.11,2014,2014,4,2,75.35,75.52
MYS,100,0,0,0,1,1495.11,2015,2015,4,1,72.38,72.27
MYS,100,0,0,0,1,1495.11,2015,2015,4,2,75.64,75.84
MYS,100,0,0,0,1,1946.1,2016,2016,4,1,72.76,72.65
MYS,100,0,0,0,1,1946.1,2016,2016,4,2,76.04,76.24
MYS,100,0,0,0,1,1496.24,2017,2017,4,1,73.19,73.11
MYS,100,0,0,0,1,1496.24,2017,2017,4,2,76.53,76.78
MYS,100,0,0,0,1,1496.38,2018,2018,4,1,73.91,73.92
MYS,100,0,0,0,1,1496.38,2018,2018,4,2,77.19,77.59
MYS,100,0,0,0,1,1491.12,2019,2019,4,1,72.49,72.42
MYS,100,0,0,0,1,1491.12,2019,2019,4,2,76,76.15
MYS,100,0,0,0,1,1492.11,2020,2020,4,1,73.05,72.97
MYS,100,0,0,0,1,1492.11,2020,2020,4,2,75.87,76.04
MYS,110,0,0,0,1,1493.12,2001,2001,4,1,72.52,72.48
MYS,110,0,0,0,1,1493.12,2001,2001,4,2,75.75,75.96
MYS,110,0,0,0,1,1493.29,2002,2002,4,1,72.65,72.61
MYS,110,0,0,0,1,1493.29,2002,2002,4,2,75.91,76.13
MYS,110,0,0,0,1,1493.46,2003,2003,4,1,72.65,72.61
MYS,110,0,0,0,1,1493.46,2003,2003,4,2,76.08,76.34
MYS,110,0,0,0,1,1493.63,2004,2004,4,1,72.75,72.74
MYS,110,0,0,0,1,1493.63,2004,2004,4,2,76.29,76.57
MYS,110,0,0,0,1,1494.11,2005,2005,4,1,72.95,72.95
MYS,110,0,0,0,1,1494.11,2005,2005,4,2,76.31,76.63
MYS,110,0,0,0,1,1494.28,2006,2006,4,1,73.3,73.34
MYS,110,0,0,0,1,1494.28,2006,2006,4,2,76.41,76.75
MYS,110,0,0,0,1,1494.45,2007,2007,4,1,73.36,73.4
MYS,110,0,0,0,1,1494.45,2007,2007,4,2,76.38,76.71
MYS,110,0,0,0,1,1525.26,2008,2008,4,1,73.69,73.74
MYS,110,0,0,0,1,1525.26,2008,2008,4,2,76.91,77.27
MYS,110,0,0,0,1,1525.4,2009,2009,4,1,73.75,73.8
MYS,110,0,0,0,1,1525.4,2009,2009,4,2,77.08,77.46
MYS,110,0,0,0,1,1525.54,2010,2010,4,1,74.2,74.33
MYS,110,0,0,0,1,1525.54,2010,2010,4,2,77.74,78.25
MYS,110,0,0,0,1,1497.12,2011,2011,4,1,74.13,74.3
MYS,110,0,0,0,1,1497.12,2011,2011,4,2,77.3,77.82
MYS,110,0,0,0,1,1497.3,2012,2012,4,1,74.34,74.54
MYS,110,0,0,0,1,1497.3,2012,2012,4,2,77.42,77.95
MYS,110,0,0,0,1,1497.48,2013,2013,4,1,74.9,75.17
MYS,110,0,0,0,1,1497.48,2013,2013,4,2,77.76,78.34
MYS,110,0,0,0,1,1498.12,2014,2014,4,1,74.26,74.47
MYS,110,0,0,0,1,1498.12,2014,2014,4,2,77.6,78.26
MYS,110,0,0,0,1,1495.12,2015,2015,4,1,74.35,74.56
MYS,110,0,0,0,1,1495.12,2015,2015,4,2,77.68,78.29
MYS,110,0,0,0,1,1496.11,2016,2016,4,1,74.33,74.55
MYS,110,0,0,0,1,1496.11,2016,2016,4,2,77.69,78.3
MYS,110,0,0,0,1,1496.25,2017,2017,4,1,74.46,74.71
MYS,110,0,0,0,1,1496.25,2017,2017,4,2,77.85,78.52
MYS,110,0,0,0,1,1496.39,2018,2018,4,1,74.93,75.28
MYS,110,0,0,0,1,1496.39,2018,2018,4,2,78.13,78.87
MYS,110,0,0,0,1,1491.13,2019,2019,4,1,74.34,74.62
MYS,110,0,0,0,1,1491.13,2019,2019,4,2,78.13,78.92
MYS,110,0,0,0,1,1492.12,2020,2020,4,1,74.41,74.65
MYS,110,0,0,0,1,1492.12,2020,2020,4,2,77.67,78.39
MYS,120,0,0,0,1,1493.13,2001,2001,4,1,72.42,72.37
MYS,120,0,0,0,1,1493.13,2001,2001,4,2,76.13,76.34
MYS,120,0,0,0,1,1493.3,2002,2002,4,1,72.46,72.42
MYS,120,0,0,0,1,1493.3,2002,2002,4,2,76.25,76.5
MYS,120,0,0,0,1,1493.47,2003,2003,4,1,72.61,72.58
MYS,120,0,0,0,1,1493.47,2003,2003,4,2,76.49,76.81
MYS,120,0,0,0,1,1493.64,2004,2004,4,1,72.79,72.79
MYS,120,0,0,0,1,1493.64,2004,2004,4,2,76.67,77
MYS,120,0,0,0,1,1494.12,2005,2005,4,1,72.97,72.96
MYS,120,0,0,0,1,1494.12,2005,2005,4,2,76.77,77.1
MYS,120,0,0,0,1,1494.29,2006,2006,4,1,73.12,73.12
MYS,120,0,0,0,1,1494.29,2006,2006,4,2,76.85,77.16
MYS,120,0,0,0,1,1494.46,2007,2007,4,1,73.07,73.06
MYS,120,0,0,0,1,1494.46,2007,2007,4,2,76.8,77.09
MYS,120,0,0,0,1,1525.27,2008,2008,4,1,72.97,72.9
MYS,120,0,0,0,1,1525.27,2008,2008,4,2,76.99,77.23
MYS,120,0,0,0,1,1525.41,2009,2009,4,1,73.09,73.01
MYS,120,0,0,0,1,1525.41,2009,2009,4,2,77,77.27
MYS,120,0,0,0,1,1525.55,2010,2010,4,1,73.3,73.27
MYS,120,0,0,0,1,1525.55,2010,2010,4,2,77.36,77.73
MYS,120,0,0,0,1,1497.13,2011,2011,4,1,73.41,73.41
MYS,120,0,0,0,1,1497.13,2011,2011,4,2,77.02,77.31
MYS,120,0,0,0,1,1497.31,2012,2012,4,1,73.57,73.59
MYS,120,0,0,0,1,1497.31,2012,2012,4,2,77.22,77.54
MYS,120,0,0,0,1,1497.49,2013,2013,4,1,73.69,73.75
MYS,120,0,0,0,1,1497.49,2013,2013,4,2,77.32,77.7
MYS,120,0,0,0,1,1498.13,2014,2014,4,1,73.24,73.24
MYS,120,0,0,0,1,1498.13,2014,2014,4,2,76.97,77.3
MYS,120,0,0,0,1,1495.13,2015,2015,4,1,73.27,73.26
MYS,120,0,0,0,1,1495.13,2015,2015,4,2,77.04,77.41
MYS,120,0,0,0,1,1946.12,2016,2016,4,1,73.08,73.07
MYS,120,0,0,0,1,1946.12,2016,2016,4,2,76.98,77.35
MYS,120,0,0,0,1,1496.26,2017,2017,4,1,73.11,73.1
MYS,120,0,0,0,1,1496.26,2017,2017,4,2,76.99,77.37
MYS,120,0,0,0,1,1496.4,2018,2018,4,1,73.46,73.49
MYS,120,0,0,0,1,1496.4,2018,2018,4,2,77.07,77.45
MYS,120,0,0,0,1,1491.14,2019,2019,4,1,73.1,73.09
MYS,120,0,0,0,1,1491.14,2019,2019,4,2,77.1,77.5
MYS,120,0,0,0,1,1492.13,2020,2020,4,1,73.75,73.84
MYS,120,0,0,0,1,1492.13,2020,2020,4,2,77.75,78.33
MYS,130,0,0,0,1,1493.14,2001,2001,4,1,67.71,67.7
MYS,130,0,0,0,1,1493.14,2001,2001,4,2,72.81,72.73
MYS,130,0,0,0,1,1493.31,2002,2002,4,1,67.38,67.35
MYS,130,0,0,0,1,1493.31,2002,2002,4,2,72.72,72.63
MYS,130,0,0,0,1,1493.48,2003,2003,4,1,67.59,67.58
MYS,130,0,0,0,1,1493.48,2003,2003,4,2,72.9,72.83
MYS,130,0,0,0,1,1493.65,2004,2004,4,1,67.7,67.71
MYS,130,0,0,0,1,1493.65,2004,2004,4,2,73.19,73.18
MYS,130,0,0,0,1,1494.13,2005,2005,4,1,68.07,68.1
MYS,130,0,0,0,1,1494.13,2005,2005,4,2,73.47,73.48
MYS,130,0,0,0,1,1494.3,2006,2006,4,1,68.03,68.04
MYS,130,0,0,0,1,1494.3,2006,2006,4,2,73.52,73.52
MYS,130,0,0,0,1,1494.47,2007,2007,4,1,67.98,67.97
MYS,130,0,0,0,1,1494.47,2007,2007,4,2,73.62,73.59
MYS,130,0,0,0,1,1525.28,2008,2008,4,1,68.33,68.28
MYS,130,0,0,0,1,1525.28,2008,2008,4,2,73.55,73.47
MYS,130,0,0,0,1,1525.42,2009,2009,4,1,68.39,68.35
MYS,130,0,0,0,1,1525.42,2009,2009,4,2,73.74,73.69
MYS,130,0,0,0,1,1525.56,2010,2010,4,1,68.68,68.64
MYS,130,0,0,0,1,1525.56,2010,2010,4,2,74.35,74.38
MYS,130,0,0,0,1,1497.14,2011,2011,4,1,68.68,68.67
MYS,130,0,0,0,1,1497.14,2011,2011,4,2,74.38,74.41
MYS,130,0,0,0,1,1497.32,2012,2012,4,1,68.99,69.01
MYS,130,0,0,0,1,1497.32,2012,2012,4,2,74.5,74.56
MYS,130,0,0,0,1,1497.5,2013,2013,4,1,69.2,69.25
MYS,130,0,0,0,1,1497.5,2013,2013,4,2,74.59,74.71
MYS,130,0,0,0,1,1498.14,2014,2014,4,1,68.65,68.63
MYS,130,0,0,0,1,1498.14,2014,2014,4,2,74.35,74.37
MYS,130,0,0,0,1,1495.14,2015,2015,4,1,68.74,68.71
MYS,130,0,0,0,1,1495.14,2015,2015,4,2,74.44,74.46
MYS,130,0,0,0,1,1496.13,2016,2016,4,1,68.92,68.92
MYS,130,0,0,0,1,1496.13,2016,2016,4,2,74.51,74.58
MYS,130,0,0,0,1,1496.27,2017,2017,4,1,69.16,69.17
MYS,130,0,0,0,1,1496.27,2017,2017,4,2,74.9,75.06
MYS,130,0,0,0,1,1496.41,2018,2018,4,1,69.56,69.6
MYS,130,0,0,0,1,1496.41,2018,2018,4,2,75.41,75.66
MYS,130,0,0,0,1,1491.15,2019,2019,4,1,69.26,69.29
MYS,130,0,0,0,1,1491.15,2019,2019,4,2,75.12,75.33
MYS,130,0,0,0,1,1492.14,2020,2020,4,1,69.46,69.49
MYS,130,0,0,0,1,1492.14,2020,2020,4,2,74.88,75.09
MYS,140,0,0,0,1,1493.15,2001,2001,4,1,70.95,71
MYS,140,0,0,0,1,1493.15,2001,2001,4,2,75.39,75.45
MYS,140,0,0,0,1,1493.32,2002,2002,4,1,71.17,71.24
MYS,140,0,0,0,1,1493.32,2002,2002,4,2,75.44,75.54
MYS,140,0,0,0,1,1493.49,2003,2003,4,1,71.63,71.75
MYS,140,0,0,0,1,1493.49,2003,2003,4,2,75.85,76.01
MYS,140,0,0,0,1,1493.66,2004,2004,4,1,72.7,72.68
MYS,140,0,0,0,1,1493.66,2004,2004,4,2,76.37,76.62
MYS,140,0,0,0,1,1494.14,2005,2005,4,1,73.21,73.22
MYS,140,0,0,0,1,1494.14,2005,2005,4,2,76.8,77.12
MYS,140,0,0,0,1,1494.31,2006,2006,4,1,73.5,73.54
MYS,140,0,0,0,1,1494.31,2006,2006,4,2,76.84,77.17
MYS,140,0,0,0,1,1494.48,2007,2007,4,1,73.63,73.67
MYS,140,0,0,0,1,1494.48,2007,2007,4,2,76.87,77.19
MYS,140,0,0,0,1,1525.29,2008,2008,4,1,73.47,73.45
MYS,140,0,0,0,1,1525.29,2008,2008,4,2,77.45,77.82
MYS,140,0,0,0,1,1525.43,2009,2009,4,1,73.49,73.48
MYS,140,0,0,0,1,1525.43,2009,2009,4,2,77.79,78.23
MYS,140,0,0,0,1,1525.57,2010,2010,4,1,73.5,73.5
MYS,140,0,0,0,1,1525.57,2010,2010,4,2,78.17,78.7
MYS,140,0,0,0,1,1497.15,2011,2011,4,1,73.51,73.54
MYS,140,0,0,0,1,1497.15,2011,2011,4,2,77.45,77.84
MYS,140,0,0,0,1,1497.33,2012,2012,4,1,73.73,73.81
MYS,140,0,0,0,1,1497.33,2012,2012,4,2,77.65,78.08
MYS,140,0,0,0,1,1497.51,2013,2013,4,1,74.38,74.57
MYS,140,0,0,0,1,1497.51,2013,2013,4,2,78.38,79
MYS,140,0,0,0,1,1498.15,2014,2014,4,1,74.05,74.22
MYS,140,0,0,0,1,1498.15,2014,2014,4,2,77.68,78.23
MYS,140,0,0,0,1,1495.15,2015,2015,4,1,74.17,74.3
MYS,140,0,0,0,1,1495.15,2015,2015,4,2,77.75,78.32
MYS,140,0,0,0,1,1496.14,2016,2016,4,1,74.42,74.61
MYS,140,0,0,0,1,1496.14,2016,2016,4,2,78.32,79.03
MYS,140,0,0,0,1,1496.28,2017,2017,4,1,74.2,74.37
MYS,140,0,0,0,1,1496.28,2017,2017,4,2,78.36,79.12
MYS,140,0,0,0,1,1496.42,2018,2018,4,1,74.4,74.61
MYS,140,0,0,0,1,1496.42,2018,2018,4,2,78.7,79.58
MYS,140,0,0,0,1,1491.16,2019,2019,4,1,74.26,74.44
MYS,140,0,0,0,1,1491.16,2019,2019,4,2,78.46,79.25
MYS,140,0,0,0,1,1492.15,2020,2020,4,1,74.29,74.47
MYS,140,0,0,0,1,1492.15,2020,2020,4,2,78.57,79.38
MYS,0,0,E100,0,1,1525.05,2008,2008,4,1,76.54,76.79
MYS,0,0,E100,0,1,1525.05,2008,2008,4,2,77.22,77.48
MYS,0,0,E100,0,1,1525.1,2009,2009,4,1,76.9,77.2
MYS,0,0,E100,0,1,1525.1,2009,2009,4,2,77.45,77.75
MYS,0,0,E100,0,1,1525.15,2010,2010,4,1,77.57,77.98
MYS,0,0,E100,0,1,1525.15,2010,2010,4,2,77.9,78.25
MYS,0,0,E160,0,1,1493.16,2001,2001,4,1,69.64,69.65
MYS,0,0,E160,0,1,1493.16,2001,2001,4,2,73.9,73.85
MYS,0,0,E160,0,1,1493.33,2002,2002,4,1,69.57,69.58
MYS,0,0,E160,0,1,1493.33,2002,2002,4,2,73.95,73.93
MYS,0,0,E160,0,1,1493.5,2003,2003,4,1,69.68,69.71
MYS,0,0,E160,0,1,1493.5,2003,2003,4,2,74.2,74.22
MYS,0,0,E160,0,1,1493.67,2004,2004,4,1,69.93,69.97
MYS,0,0,E160,0,1,1493.67,2004,2004,4,2,74.54,74.61
MYS,0,0,E160,0,1,1494.15,2005,2005,4,1,70.17,70.24
MYS,0,0,E160,0,1,1494.15,2005,2005,4,2,74.74,74.84
MYS,0,0,E160,0,1,1494.32,2006,2006,4,1,70.26,70.33
MYS,0,0,E160,0,1,1494.32,2006,2006,4,2,74.8,74.89
MYS,0,0,E160,0,1,1494.49,2007,2007,4,1,70.24,70.31
MYS,0,0,E160,0,1,1494.49,2007,2007,4,2,74.82,74.89
MYS,0,0,E160,0,1,1525.02,2008,2008,4,1,70.19,70.2
MYS,0,0,E160,0,1,1525.02,2008,2008,4,2,74.76,74.78
MYS,0,0,E160,0,1,1525.07,2009,2009,4,1,70.19,70.21
MYS,0,0,E160,0,1,1525.07,2009,2009,4,2,74.81,74.83
MYS,0,0,E160,0,1,1525.12,2010,2010,4,1,70.46,70.5
MYS,0,0,E160,0,1,1525.12,2010,2010,4,2,75.24,75.33
MYS,0,0,E160,0,1,1497.16,2011,2011,4,1,70.8,70.91
MYS,0,0,E160,0,1,1497.16,2011,2011,4,2,75.48,75.65
MYS,0,0,E160,0,1,1497.34,2012,2012,4,1,71,71.12
MYS,0,0,E160,0,1,1497.34,2012,2012,4,2,75.69,75.89
MYS,0,0,E160,0,1,1497.52,2013,2013,4,1,71.19,71.34
MYS,0,0,E160,0,1,1497.52,2013,2013,4,2,75.84,76.07
MYS,0,0,E160,0,1,1498.16,2014,2014,4,1,71.03,71.15
MYS,0,0,E160,0,1,1498.16,2014,2014,4,2,75.59,75.81
MYS,0,0,E160,0,1,1495.16,2015,2015,4,1,71.1,71.22
MYS,0,0,E160,0,1,1495.16,2015,2015,4,2,75.63,75.86
MYS,E160,0,0,0,1,1496.43,2016,2016,4,1,70.56,70.66
MYS,E160,0,0,0,1,1496.43,2016,2016,4,2,75.46,75.68
MYS,E160,0,0,0,1,1496.47,2017,2017,4,1,70.68,70.79
MYS,E160,0,0,0,1,1496.47,2017,2017,4,2,75.64,75.9
MYS,E160,0,0,0,1,1496.51,2018,2018,4,1,71.14,71.29
MYS,E160,0,0,0,1,1496.51,2018,2018,4,2,76.08,76.42
MYS,0,0,E160,0,1,1491.17,2019,2019,4,1,70.68,70.85
MYS,0,0,E160,0,1,1491.17,2019,2019,4,2,75.72,76.03
MYS,0,0,E160,0,1,1492.16,2020,2020,4,1,71.16,71.33
MYS,0,0,E160,0,1,1492.16,2020,2020,4,2,75.99,76.35
MYS,0,0,E170,0,1,1493.17,2001,2001,4,1,72.84,72.81
MYS,0,0,E170,0,1,1493.17,2001,2001,4,2,77.42,77.85
MYS,0,0,E170,0,1,1493.34,2002,2002,4,1,73.01,73
MYS,0,0,E170,0,1,1493.34,2002,2002,4,2,77.45,77.89
MYS,0,0,E170,0,1,1493.51,2003,2003,4,1,73.14,73.17
MYS,0,0,E170,0,1,1493.51,2003,2003,4,2,77.59,78.07
MYS,0,0,E170,0,1,1493.68,2004,2004,4,1,73.37,73.41
MYS,0,0,E170,0,1,1493.68,2004,2004,4,2,77.74,78.25
MYS,0,0,E170,0,1,1494.16,2005,2005,4,1,73.62,73.68
MYS,0,0,E170,0,1,1494.16,2005,2005,4,2,77.96,78.52
MYS,0,0,E170,0,1,1494.33,2006,2006,4,1,73.86,73.94
MYS,0,0,E170,0,1,1494.33,2006,2006,4,2,78.1,78.68
MYS,0,0,E170,0,1,1494.5,2007,2007,4,1,73.97,74.05
MYS,0,0,E170,0,1,1494.5,2007,2007,4,2,78.22,78.81
MYS,0,0,E170,0,1,1525.03,2008,2008,4,1,73.86,73.91
MYS,0,0,E170,0,1,1525.03,2008,2008,4,2,79.32,79.34
MYS,0,0,E170,0,1,1525.08,2009,2009,4,1,73.97,74.03
MYS,0,0,E170,0,1,1525.08,2009,2009,4,2,79.49,79.55
MYS,0,0,E170,0,1,1525.13,2010,2010,4,1,74.32,74.41
MYS,0,0,E170,0,1,1525.13,2010,2010,4,2,79.7,79.81
MYS,0,0,E170,0,1,1497.17,2011,2011,4,1,74.5,74.64
MYS,0,0,E170,0,1,1497.17,2011,2011,4,2,79.28,79.3
MYS,0,0,E170,0,1,1497.35,2012,2012,4,1,74.68,74.86
MYS,0,0,E170,0,1,1497.35,2012,2012,4,2,79.46,79.52
MYS,0,0,E170,0,1,1497.53,2013,2013,4,1,74.74,74.95
MYS,0,0,E170,0,1,1497.53,2013,2013,4,2,79.57,79.67
MYS,0,0,E170,0,1,1498.17,2014,2014,4,1,74.66,74.84
MYS,0,0,E170,0,1,1498.17,2014,2014,4,2,79.56,79.68
MYS,0,0,E170,0,1,1495.17,2015,2015,4,1,74.72,74.91
MYS,0,0,E170,0,1,1495.17,2015,2015,4,2,79.68,79.82
MYS,E170,0,0,0,1,1496.44,2016,2016,4,1,74.71,74.91
MYS,E170,0,0,0,1,1496.44,2016,2016,4,2,79.79,79.97
MYS,E170,0,0,0,1,1496.48,2017,2017,4,1,74.65,74.84
MYS,E170,0,0,0,1,1496.48,2017,2017,4,2,79.9,80.09
MYS,E170,0,0,0,1,1496.52,2018,2018,4,1,74.69,74.9
MYS,E170,0,0,0,1,1496.52,2018,2018,4,2,79.97,80.2
MYS,0,0,E170,0,1,1491.18,2019,2019,4,1,74.63,74.8
MYS,0,0,E170,0,1,1491.18,2019,2019,4,2,79.97,80.17
MYS,0,0,E170,0,1,1492.17,2020,2020,4,1,75.11,75.37
MYS,0,0,E170,0,1,1492.17,2020,2020,4,2,80.23,80.51
MYS,0,0,E180,0,1,1493.18,2001,2001,4,1,66.67,66.59
MYS,0,0,E180,0,1,1493.18,2001,2001,4,2,74.13,74.11
MYS,0,0,E180,0,1,1493.35,2002,2002,4,1,66.77,66.71
MYS,0,0,E180,0,1,1493.35,2002,2002,4,2,74.17,74.17
MYS,0,0,E180,0,1,1493.52,2003,2003,4,1,66.8,66.74
MYS,0,0,E180,0,1,1493.52,2003,2003,4,2,74.49,74.55
MYS,0,0,E180,0,1,1493.69,2004,2004,4,1,67.16,67.12
MYS,0,0,E180,0,1,1493.69,2004,2004,4,2,74.86,74.96
MYS,0,0,E180,0,1,1494.17,2005,2005,4,1,67.55,67.53
MYS,0,0,E180,0,1,1494.17,2005,2005,4,2,75.04,75.19
MYS,0,0,E180,0,1,1494.34,2006,2006,4,1,67.84,67.82
MYS,0,0,E180,0,1,1494.34,2006,2006,4,2,75.16,75.32
MYS,0,0,E180,0,1,1494.51,2007,2007,4,1,67.76,67.74
MYS,0,0,E180,0,1,1494.51,2007,2007,4,2,75.25,75.41
MYS,0,0,E180,0,1,1525.04,2008,2008,4,1,67.97,67.94
MYS,0,0,E180,0,1,1525.04,2008,2008,4,2,75.56,75.72
MYS,0,0,E180,0,1,1525.09,2009,2009,4,1,67.97,67.95
MYS,0,0,E180,0,1,1525.09,2009,2009,4,2,75.62,75.8
MYS,0,0,E180,0,1,1525.14,2010,2010,4,1,67.97,67.96
MYS,0,0,E180,0,1,1525.14,2010,2010,4,2,75.92,76.18
MYS,0,0,E180,0,1,1497.18,2011,2011,4,1,67.58,67.61
MYS,0,0,E180,0,1,1497.18,2011,2011,4,2,75.6,75.83
MYS,0,0,E180,0,1,1497.36,2012,2012,4,1,67.76,67.8
MYS,0,0,E180,0,1,1497.36,2012,2012,4,2,75.87,76.15
MYS,0,0,E180,0,1,1497.54,2013,2013,4,1,67.83,67.88
MYS,0,0,E180,0,1,1497.54,2013,2013,4,2,75.89,76.17
MYS,0,0,E180,0,1,1498.18,2014,2014,4,1,67.68,67.74
MYS,0,0,E180,0,1,1498.18,2014,2014,4,2,75.6,75.85
MYS,0,0,E180,0,1,1495.18,2015,2015,4,1,67.75,67.81
MYS,0,0,E180,0,1,1495.18,2015,2015,4,2,75.73,76
MYS,E180,0,0,0,1,1496.45,2016,2016,4,1,67.9,67.97
MYS,E180,0,0,0,1,1496.45,2016,2016,4,2,75.73,76.04
MYS,E180,0,0,0,1,1496.49,2017,2017,4,1,68.12,68.2
MYS,E180,0,0,0,1,1496.49,2017,2017,4,2,75.69,76
MYS,E180,0,0,0,1,1496.53,2018,2018,4,1,69.1,69.25
MYS,E180,0,0,0,1,1496.53,2018,2018,4,2,75.8,76.16
MYS,0,0,E180,0,1,1491.19,2019,2019,4,1,67.84,67.9
MYS,0,0,E180,0,1,1491.19,2019,2019,4,2,75.65,75.97
MYS,0,0,E180,0,1,1492.18,2020,2020,4,1,68.29,68.4
MYS,0,0,E180,0,1,1492.18,2020,2020,4,2,75.86,76.25
MYS,0,0,E190,0,1,1493.19,2001,2001,4,1,74.24,74.36
MYS,0,0,E190,0,1,1493.19,2001,2001,4,2,75.41,75.52
MYS,0,0,E190,0,1,1493.36,2002,2002,4,1,74.49,74.62
MYS,0,0,E190,0,1,1493.36,2002,2002,4,2,75.64,75.8
MYS,0,0,E190,0,1,1493.53,2003,2003,4,1,74.68,74.84
MYS,0,0,E190,0,1,1493.53,2003,2003,4,2,75.66,75.84
MYS,0,0,E190,0,1,1493.7,2004,2004,4,1,74.87,75.05
MYS,0,0,E190,0,1,1493.7,2004,2004,4,2,75.98,76.2
MYS,0,0,E190,0,1,1494.18,2005,2005,4,1,75.02,75.23
MYS,0,0,E190,0,1,1494.18,2005,2005,4,2,76.17,76.42
MYS,0,0,E190,0,1,1494.35,2006,2006,4,1,75.19,75.4
MYS,0,0,E190,0,1,1494.35,2006,2006,4,2,76.27,76.53
MYS,0,0,E190,0,1,1494.52,2007,2007,4,1,75.29,75.5
MYS,0,0,E190,0,1,1494.52,2007,2007,4,2,76.2,76.43
MYS,0,0,E190,0,1,1497.19,2011,2011,4,1,75.75,75.97
MYS,0,0,E190,0,1,1497.19,2011,2011,4,2,76.77,76.99
MYS,0,0,E190,0,1,1497.37,2012,2012,4,1,75.64,75.83
MYS,0,0,E190,0,1,1497.37,2012,2012,4,2,76.7,76.9
MYS,0,0,E190,0,1,1497.55,2013,2013,4,1,75.72,75.92
MYS,0,0,E190,0,1,1497.55,2013,2013,4,2,76.82,77.04
MYS,0,0,E190,0,1,1498.19,2014,2014,4,1,75.84,75.97
MYS,0,0,E190,0,1,1498.19,2014,2014,4,2,77.05,77.3
MYS,0,0,E190,0,1,1495.19,2015,2015,4,1,75.89,76.01
MYS,0,0,E190,0,1,1495.19,2015,2015,4,2,77.13,77.34
MYS,E190,0,0,0,1,1496.46,2016,2016,4,1,75.74,75.84
MYS,E190,0,0,0,1,1496.46,2016,2016,4,2,77.23,77.47
MYS,E190,0,0,0,1,1496.5,2017,2017,4,1,76.36,76.54
MYS,E190,0,0,0,1,1496.5,2017,2017,4,2,77.84,78.16
MYS,E190,0,0,0,1,1496.54,2018,2018,4,1,76.53,76.74
MYS,E190,0,0,0,1,1496.54,2018,2018,4,2,78.7,78.47
MYS,0,0,E190,0,1,1491.2,2019,2019,4,1,75.64,75.75
MYS,0,0,E190,0,1,1491.2,2019,2019,4,2,76.61,76.68
MYS,0,0,E190,0,1,1492.19,2020,2020,4,1,75.37,75.39
MYS,0,0,E190,0,1,1492.19,2020,2020,4,2,76.86,76.92
